ID,Source,Sentence,temporal_gold,spatial_gold,temporal_OK,spatial_OK,temporal_final,spatial_final,note,annotator,status
P0001,policy_dataset,A senior nurse can approve medical records during business hours within the hospital.,during business hours,within the hospital,LLM_MOCK,LLM_MOCK,during business hours,within the hospital,Auto-generated using pseudo-LLM logic,claude-3-5-sonnet-20241022,llm_annotated
P0002,policy_dataset,Managers in the finance department can approve expense reports.,,,LLM_MOCK,LLM_MOCK,,,Auto-generated using pseudo-LLM logic,claude-3-5-sonnet-20241022,llm_annotated
P0003,policy_dataset,Security officers can view and modify exam grades during the night shift via trusted platforms.,during the night shift,via trusted platforms,LLM_MOCK,LLM_MOCK,during the night shift,via trusted platforms,Auto-generated using pseudo-LLM logic,claude-3-5-sonnet-20241022,llm_annotated
P0004,policy_dataset,Security officers can approve and view network configurations at the headquarters building.,,at the headquarters building,LLM_MOCK,LLM_MOCK,,at the headquarters building,Auto-generated using pseudo-LLM logic,claude-3-5-sonnet-20241022,llm_annotated
P0005,policy_dataset,Training department staff can delete and approve network configurations using internal devices.,,using internal devices,LLM_MOCK,LLM_MOCK,,using internal devices,Auto-generated using pseudo-LLM logic,claude-3-5-sonnet-20241022,llm_annotated
P0006,policy_dataset,IT support staff can configure and access cryptography datasets via trusted platforms.,,via trusted platforms,LLM_MOCK,LLM_MOCK,,via trusted platforms,Auto-generated using pseudo-LLM logic,claude-3-5-sonnet-20241022,llm_annotated
P0007,policy_dataset,Managers can modify and submit personnel files within the VACT intranet.,,within the VACT intranet,LLM_MOCK,LLM_MOCK,,within the VACT intranet,Auto-generated using pseudo-LLM logic,claude-3-5-sonnet-20241022,llm_annotated
P0008,policy_dataset,Lecturers can view cryptography datasets at the cryptography lab.,,at the cryptography lab,LLM_MOCK,LLM_MOCK,,at the cryptography lab,Auto-generated using pseudo-LLM logic,claude-3-5-sonnet-20241022,llm_annotated
P0009,policy_dataset,Managers can access personnel files on weekends.,on weekends,,LLM_MOCK,LLM_MOCK,on weekends,,Auto-generated using pseudo-LLM logic,claude-3-5-sonnet-20241022,llm_annotated
P0010,policy_dataset,Librarians can view network configurations at the cryptography lab.,,at the cryptography lab,LLM_MOCK,LLM_MOCK,,at the cryptography lab,Auto-generated using pseudo-LLM logic,claude-3-5-sonnet-20241022,llm_annotated
P0011,policy_dataset,IT support staff can view exam grades from the campus network.,,from the campus network,LLM_MOCK,LLM_MOCK,,from the campus network,Auto-generated using pseudo-LLM logic,claude-3-5-sonnet-20241022,llm_annotated
P0012,policy_dataset,Training department staff can view and submit cryptography datasets at the cryptography lab.,,at the cryptography lab,LLM_MOCK,LLM_MOCK,,at the cryptography lab,Auto-generated using pseudo-LLM logic,claude-3-5-sonnet-20241022,llm_annotated
P0013,policy_dataset,Training department staff can review system logs after the exam period at nighttime.,at nighttime,,LLM_MOCK,LLM_MOCK,at nighttime,,Auto-generated using pseudo-LLM logic,claude-3-5-sonnet-20241022,llm_annotated
P0014,policy_dataset,Training department staff can modify and submit financial reports using internal devices.,,using internal devices,LLM_MOCK,LLM_MOCK,,using internal devices,Auto-generated using pseudo-LLM logic,claude-3-5-sonnet-20241022,llm_annotated
P0015,policy_dataset,Managers can access and download student records outside the campus from external IP addresses.,,from external IP addresses,LLM_MOCK,LLM_MOCK,,from external IP addresses,Auto-generated using pseudo-LLM logic,claude-3-5-sonnet-20241022,llm_annotated
P0016,policy_dataset,Faculty members can approve library resources via a secure VPN.,,via a secure VPN,LLM_MOCK,LLM_MOCK,,via a secure VPN,Auto-generated using pseudo-LLM logic,claude-3-5-sonnet-20241022,llm_annotated
P0017,policy_dataset,Security officers can update research papers during the night shift.,during the night shift,,LLM_MOCK,LLM_MOCK,during the night shift,,Auto-generated using pseudo-LLM logic,claude-3-5-sonnet-20241022,llm_annotated
P0018,policy_dataset,VACT students can download personnel files via trusted platforms.,,via trusted platforms,LLM_MOCK,LLM_MOCK,,via trusted platforms,Auto-generated using pseudo-LLM logic,claude-3-5-sonnet-20241022,llm_annotated
P0019,policy_dataset,Training department staff can modify network configurations between 8am and 5pm.,8am and 5pm,,LLM_MOCK,LLM_MOCK,8am and 5pm,,Auto-generated using pseudo-LLM logic,claude-3-5-sonnet-20241022,llm_annotated
P0020,policy_dataset,System administrators can review research papers at the headquarters building after the exam period.,after the exam period,at the headquarters building,LLM_MOCK,LLM_MOCK,after the exam period,at the headquarters building,Auto-generated using pseudo-LLM logic,claude-3-5-sonnet-20241022,llm_annotated
P0021,policy_dataset,Faculty members can update network configurations using internal devices.,,using internal devices,LLM_MOCK,LLM_MOCK,,using internal devices,Auto-generated using pseudo-LLM logic,claude-3-5-sonnet-20241022,llm_annotated
P0022,policy_dataset,Students can review personnel files using internal devices.,,using internal devices,LLM_MOCK,LLM_MOCK,,using internal devices,Auto-generated using pseudo-LLM logic,claude-3-5-sonnet-20241022,llm_annotated
P0023,policy_dataset,Managers can review and access library resources at the headquarters building.,,at the headquarters building,LLM_MOCK,LLM_MOCK,,at the headquarters building,Auto-generated using pseudo-LLM logic,claude-3-5-sonnet-20241022,llm_annotated
P0024,policy_dataset,IT support staff can approve system logs at nighttime through an encrypted channel.,at nighttime,through an encrypted channel,LLM_MOCK,LLM_MOCK,at nighttime,through an encrypted channel,Auto-generated using pseudo-LLM logic,claude-3-5-sonnet-20241022,llm_annotated
P0025,policy_dataset,Security officers can download and modify exam schedules before the deadline.,before the deadline,,LLM_MOCK,LLM_MOCK,before the deadline,,Auto-generated using pseudo-LLM logic,claude-3-5-sonnet-20241022,llm_annotated
P0026,policy_dataset,VACT students can configure and upload exam grades via a secure VPN.,,via a secure VPN,LLM_MOCK,LLM_MOCK,,via a secure VPN,Auto-generated using pseudo-LLM logic,claude-3-5-sonnet-20241022,llm_annotated
P0027,policy_dataset,Managers can download student records via trusted platforms.,,via trusted platforms,LLM_MOCK,LLM_MOCK,,via trusted platforms,Auto-generated using pseudo-LLM logic,claude-3-5-sonnet-20241022,llm_annotated
P0028,policy_dataset,Lecturers can approve and update financial reports using internal devices during the registration period.,during the registration period,using internal devices,LLM_MOCK,LLM_MOCK,during the registration period,using internal devices,Auto-generated using pseudo-LLM logic,claude-3-5-sonnet-20241022,llm_annotated
P0029,policy_dataset,VACT students can modify system logs at the headquarters building.,,at the headquarters building,LLM_MOCK,LLM_MOCK,,at the headquarters building,Auto-generated using pseudo-LLM logic,claude-3-5-sonnet-20241022,llm_annotated
P0030,policy_dataset,VACT students can approve personnel files from the campus network.,,from the campus network,LLM_MOCK,LLM_MOCK,,from the campus network,Auto-generated using pseudo-LLM logic,claude-3-5-sonnet-20241022,llm_annotated
P0031,policy_dataset,Security officers can review library resources through an encrypted channel.,,through an encrypted channel,LLM_MOCK,LLM_MOCK,,through an encrypted channel,Auto-generated using pseudo-LLM logic,claude-3-5-sonnet-20241022,llm_annotated
P0032,policy_dataset,Training department staff can delete course materials via trusted platforms.,,via trusted platforms,LLM_MOCK,LLM_MOCK,,via trusted platforms,Auto-generated using pseudo-LLM logic,claude-3-5-sonnet-20241022,llm_annotated
P0033,policy_dataset,Faculty members can delete and access exam grades between 8am and 5pm.,between 8 am and 5 pm,,LLM_MOCK,LLM_MOCK,between 8 am and 5 pm,,Auto-generated using pseudo-LLM logic,claude-3-5-sonnet-20241022,llm_annotated
P0034,policy_dataset,Department heads can view and delete network configurations via a secure VPN.,,via a secure VPN,LLM_MOCK,LLM_MOCK,,via a secure VPN,Auto-generated using pseudo-LLM logic,claude-3-5-sonnet-20241022,llm_annotated
P0035,policy_dataset,IT support staff can audit thesis submissions via a secure VPN.,,via a secure VPN,LLM_MOCK,LLM_MOCK,,via a secure VPN,Auto-generated using pseudo-LLM logic,claude-3-5-sonnet-20241022,llm_annotated
P0036,policy_dataset,Training department staff can view course materials at the cryptography lab.,,at the cryptography lab,LLM_MOCK,LLM_MOCK,,at the cryptography lab,Auto-generated using pseudo-LLM logic,claude-3-5-sonnet-20241022,llm_annotated
P0037,policy_dataset,Guest users can approve and upload exam grades on weekends.,on weekends,,LLM_MOCK,LLM_MOCK,on weekends,,Auto-generated using pseudo-LLM logic,claude-3-5-sonnet-20241022,llm_annotated
P0038,policy_dataset,Managers can view student records using internal devices.,,using internal devices,LLM_MOCK,LLM_MOCK,,using internal devices,Auto-generated using pseudo-LLM logic,claude-3-5-sonnet-20241022,llm_annotated
P0039,policy_dataset,Librarians can modify system logs after the exam period.,after the exam period,,LLM_MOCK,LLM_MOCK,after the exam period,,Auto-generated using pseudo-LLM logic,claude-3-5-sonnet-20241022,llm_annotated
P0040,policy_dataset,VACT students can view exam grades using internal devices.,,using internal devices,LLM_MOCK,LLM_MOCK,,using internal devices,Auto-generated using pseudo-LLM logic,claude-3-5-sonnet-20241022,llm_annotated
P0041,policy_dataset,Lecturers can delete and update research papers via a secure VPN.,,via a secure VPN,LLM_MOCK,LLM_MOCK,,via a secure VPN,Auto-generated using pseudo-LLM logic,claude-3-5-sonnet-20241022,llm_annotated
P0042,policy_dataset,Students can modify and configure cryptography datasets from external IP addresses.,,from external IP addresses,LLM_MOCK,LLM_MOCK,,from external IP addresses,Auto-generated using pseudo-LLM logic,claude-3-5-sonnet-20241022,llm_annotated
P0043,policy_dataset,Researchers can submit and download personnel files using internal devices via a secure VPN.,,using internal devices,LLM_MOCK,LLM_MOCK,,using internal devices,Auto-generated using pseudo-LLM logic,claude-3-5-sonnet-20241022,llm_annotated
P0044,policy_dataset,Training department staff can access and review thesis submissions between 8am and 5pm outside the campus.,between 8 am and 5 pm,outside the campus,LLM_MOCK,LLM_MOCK,between 8 am and 5 pm,outside the campus,Auto-generated using pseudo-LLM logic,claude-3-5-sonnet-20241022,llm_annotated
P0045,policy_dataset,Guest users can configure and modify network configurations through an encrypted channel.,,through an encrypted channel,LLM_MOCK,LLM_MOCK,,through an encrypted channel,Auto-generated using pseudo-LLM logic,claude-3-5-sonnet-20241022,llm_annotated
P0046,policy_dataset,Lecturers can audit course materials during the night shift.,during the night shift,,LLM_MOCK,LLM_MOCK,during the night shift,,Auto-generated using pseudo-LLM logic,claude-3-5-sonnet-20241022,llm_annotated
P0047,policy_dataset,Faculty members can delete thesis submissions after the exam period.,after the exam period,,LLM_MOCK,LLM_MOCK,after the exam period,,Auto-generated using pseudo-LLM logic,claude-3-5-sonnet-20241022,llm_annotated
P0048,policy_dataset,Faculty members can audit and upload network configurations within the VACT intranet.,,within the VACT intranet,LLM_MOCK,LLM_MOCK,,within the VACT intranet,Auto-generated using pseudo-LLM logic,claude-3-5-sonnet-20241022,llm_annotated
P0049,policy_dataset,Training department staff can download cryptography datasets from the campus network.,,from the campus network,LLM_MOCK,LLM_MOCK,,from the campus network,Auto-generated using pseudo-LLM logic,claude-3-5-sonnet-20241022,llm_annotated
P0050,policy_dataset,Managers can view exam grades via trusted platforms.,,via trusted platforms,LLM_MOCK,LLM_MOCK,,via trusted platforms,Auto-generated using pseudo-LLM logic,claude-3-5-sonnet-20241022,llm_annotated
P0051,policy_dataset,Lecturers can configure student records during the registration period.,during the registration period,,LLM_MOCK,LLM_MOCK,during the registration period,,Auto-generated using pseudo-LLM logic,claude-3-5-sonnet-20241022,llm_annotated
P0052,policy_dataset,Lecturers can delete library resources using authorized workstations.,,using authorized workstations,LLM_MOCK,LLM_MOCK,,using authorized workstations,Auto-generated using pseudo-LLM logic,claude-3-5-sonnet-20241022,llm_annotated
P0053,policy_dataset,IT support staff can download thesis submissions through an encrypted channel during business hours.,during business hours,through an encrypted channel,LLM_MOCK,LLM_MOCK,during business hours,through an encrypted channel,Auto-generated using pseudo-LLM logic,claude-3-5-sonnet-20241022,llm_annotated
P0054,policy_dataset,VACT students can download and view exam schedules during the registration period.,during the registration period,,LLM_MOCK,LLM_MOCK,during the registration period,,Auto-generated using pseudo-LLM logic,claude-3-5-sonnet-20241022,llm_annotated
P0055,policy_dataset,IT support staff can configure research papers before the deadline.,before the deadline,,LLM_MOCK,LLM_MOCK,before the deadline,,Auto-generated using pseudo-LLM logic,claude-3-5-sonnet-20241022,llm_annotated
P0056,policy_dataset,Training department staff can review and access exam schedules through an encrypted channel via a secure VPN.,,via a secure VPN,LLM_MOCK,LLM_MOCK,,via a secure VPN,Auto-generated using pseudo-LLM logic,claude-3-5-sonnet-20241022,llm_annotated
P0057,policy_dataset,Lecturers can review cryptography datasets between 8am and 5pm during business hours.,during business hours,,LLM_MOCK,LLM_MOCK,during business hours,,Auto-generated using pseudo-LLM logic,claude-3-5-sonnet-20241022,llm_annotated
P0058,policy_dataset,System administrators can review system logs using authorized workstations.,,using authorized workstations,LLM_MOCK,LLM_MOCK,,using authorized workstations,Auto-generated using pseudo-LLM logic,claude-3-5-sonnet-20241022,llm_annotated
P0059,policy_dataset,Librarians can configure exam grades during the registration period.,during the registration period,,LLM_MOCK,LLM_MOCK,during the registration period,,Auto-generated using pseudo-LLM logic,claude-3-5-sonnet-20241022,llm_annotated
P0060,policy_dataset,Department heads can audit and upload network configurations during the registration period.,during the registration period,,LLM_MOCK,LLM_MOCK,during the registration period,,Auto-generated using pseudo-LLM logic,claude-3-5-sonnet-20241022,llm_annotated
P0061,policy_dataset,Managers can access library resources during the night shift.,during the night shift,,LLM_MOCK,LLM_MOCK,during the night shift,,Auto-generated using pseudo-LLM logic,claude-3-5-sonnet-20241022,llm_annotated
P0062,policy_dataset,Department heads can configure cryptography datasets during the registration period during the night shift.,during the night shift,,LLM_MOCK,LLM_MOCK,during the night shift,,Auto-generated using pseudo-LLM logic,claude-3-5-sonnet-20241022,llm_annotated
P0063,policy_dataset,Managers can modify cryptography datasets outside the campus.,,outside the campus,LLM_MOCK,LLM_MOCK,,outside the campus,Auto-generated using pseudo-LLM logic,claude-3-5-sonnet-20241022,llm_annotated
P0064,policy_dataset,Librarians can review personnel files within the VACT intranet at nighttime.,at nighttime,within the VACT intranet,LLM_MOCK,LLM_MOCK,at nighttime,within the VACT intranet,Auto-generated using pseudo-LLM logic,claude-3-5-sonnet-20241022,llm_annotated
P0065,policy_dataset,Lecturers can submit exam grades during the night shift before the deadline.,before the deadline,,LLM_MOCK,LLM_MOCK,before the deadline,,Auto-generated using pseudo-LLM logic,claude-3-5-sonnet-20241022,llm_annotated
P0066,policy_dataset,Guest users can upload and delete system logs during the night shift via trusted platforms.,during the night shift,via trusted platforms,LLM_MOCK,LLM_MOCK,during the night shift,via trusted platforms,Auto-generated using pseudo-LLM logic,claude-3-5-sonnet-20241022,llm_annotated
P0067,policy_dataset,Librarians can upload system logs within the VACT intranet at the cryptography lab.,,at the cryptography lab,LLM_MOCK,LLM_MOCK,,at the cryptography lab,Auto-generated using pseudo-LLM logic,claude-3-5-sonnet-20241022,llm_annotated
P0068,policy_dataset,Librarians can review and download network configurations during business hours.,during business hours,,LLM_MOCK,LLM_MOCK,during business hours,,Auto-generated using pseudo-LLM logic,claude-3-5-sonnet-20241022,llm_annotated
P0069,policy_dataset,System administrators can audit system logs at the headquarters building.,,at the headquarters building,LLM_MOCK,LLM_MOCK,,at the headquarters building,Auto-generated using pseudo-LLM logic,claude-3-5-sonnet-20241022,llm_annotated
P0070,policy_dataset,Managers can upload and review cryptography datasets through an encrypted channel.,,through an encrypted channel,LLM_MOCK,LLM_MOCK,,through an encrypted channel,Auto-generated using pseudo-LLM logic,claude-3-5-sonnet-20241022,llm_annotated
P0071,policy_dataset,Training department staff can download exam grades during business hours through an encrypted channel.,during business hours,through an encrypted channel,LLM_MOCK,LLM_MOCK,during business hours,through an encrypted channel,Auto-generated using pseudo-LLM logic,claude-3-5-sonnet-20241022,llm_annotated
P0072,policy_dataset,VACT students can review personnel files before the deadline at the cryptography lab.,before the deadline,at the cryptography lab,LLM_MOCK,LLM_MOCK,before the deadline,at the cryptography lab,Auto-generated using pseudo-LLM logic,claude-3-5-sonnet-20241022,llm_annotated
P0073,policy_dataset,Security officers can upload thesis submissions on weekends.,on weekends,,LLM_MOCK,LLM_MOCK,on weekends,,Auto-generated using pseudo-LLM logic,claude-3-5-sonnet-20241022,llm_annotated
P0074,policy_dataset,Researchers can configure system logs outside the campus.,,outside the campus,LLM_MOCK,LLM_MOCK,,outside the campus,Auto-generated using pseudo-LLM logic,claude-3-5-sonnet-20241022,llm_annotated
P0075,policy_dataset,Researchers can configure research papers from external IP addresses.,,from external IP addresses,LLM_MOCK,LLM_MOCK,,from external IP addresses,Auto-generated using pseudo-LLM logic,claude-3-5-sonnet-20241022,llm_annotated
P0076,policy_dataset,System administrators can audit thesis submissions using internal devices.,,using internal devices,LLM_MOCK,LLM_MOCK,,using internal devices,Auto-generated using pseudo-LLM logic,claude-3-5-sonnet-20241022,llm_annotated
P0077,policy_dataset,Researchers can download student records via trusted platforms.,,via trusted platforms,LLM_MOCK,LLM_MOCK,,via trusted platforms,Auto-generated using pseudo-LLM logic,claude-3-5-sonnet-20241022,llm_annotated
P0078,policy_dataset,Department heads can update financial reports before the deadline.,before the deadline,,LLM_MOCK,LLM_MOCK,before the deadline,,Auto-generated using pseudo-LLM logic,claude-3-5-sonnet-20241022,llm_annotated
P0079,policy_dataset,Managers can approve research papers from the campus network.,,from the campus network,LLM_MOCK,LLM_MOCK,,from the campus network,Auto-generated using pseudo-LLM logic,claude-3-5-sonnet-20241022,llm_annotated
P0080,policy_dataset,Security officers can audit library resources during the night shift.,during the night shift,,LLM_MOCK,LLM_MOCK,during the night shift,,Auto-generated using pseudo-LLM logic,claude-3-5-sonnet-20241022,llm_annotated
P0081,policy_dataset,Training department staff can delete research papers during the night shift.,during the night shift,,LLM_MOCK,LLM_MOCK,during the night shift,,Auto-generated using pseudo-LLM logic,claude-3-5-sonnet-20241022,llm_annotated
P0082,policy_dataset,Faculty members can view and update financial reports via trusted platforms.,,via trusted platforms,LLM_MOCK,LLM_MOCK,,via trusted platforms,Auto-generated using pseudo-LLM logic,claude-3-5-sonnet-20241022,llm_annotated
P0083,policy_dataset,Guest users can submit student records during business hours.,during business hours,,LLM_MOCK,LLM_MOCK,during business hours,,Auto-generated using pseudo-LLM logic,claude-3-5-sonnet-20241022,llm_annotated
P0084,policy_dataset,Managers can view cryptography datasets through an encrypted channel.,,through an encrypted channel,LLM_MOCK,LLM_MOCK,,through an encrypted channel,Auto-generated using pseudo-LLM logic,claude-3-5-sonnet-20241022,llm_annotated
P0085,policy_dataset,VACT students can delete course materials using authorized workstations.,,using authorized workstations,LLM_MOCK,LLM_MOCK,,using authorized workstations,Auto-generated using pseudo-LLM logic,claude-3-5-sonnet-20241022,llm_annotated
P0086,policy_dataset,VACT students can audit library resources using authorized workstations through an encrypted channel.,,using authorized workstations,LLM_MOCK,LLM_MOCK,,using authorized workstations,Auto-generated using pseudo-LLM logic,claude-3-5-sonnet-20241022,llm_annotated
P0087,policy_dataset,VACT students can update and delete research papers via a secure VPN using authorized workstations.,,using authorized workstations,LLM_MOCK,LLM_MOCK,,using authorized workstations,Auto-generated using pseudo-LLM logic,claude-3-5-sonnet-20241022,llm_annotated
P0088,policy_dataset,Security officers can download and view network configurations during the night shift.,during the night shift,,LLM_MOCK,LLM_MOCK,during the night shift,,Auto-generated using pseudo-LLM logic,claude-3-5-sonnet-20241022,llm_annotated
P0089,policy_dataset,IT support staff can download student records outside the campus.,,outside the campus,LLM_MOCK,LLM_MOCK,,outside the campus,Auto-generated using pseudo-LLM logic,claude-3-5-sonnet-20241022,llm_annotated
P0090,policy_dataset,Lecturers can modify research papers during the registration period.,during the registration period,,LLM_MOCK,LLM_MOCK,during the registration period,,Auto-generated using pseudo-LLM logic,claude-3-5-sonnet-20241022,llm_annotated
P0091,policy_dataset,Lecturers can submit cryptography datasets using authorized workstations.,,using authorized workstations,LLM_MOCK,LLM_MOCK,,using authorized workstations,Auto-generated using pseudo-LLM logic,claude-3-5-sonnet-20241022,llm_annotated
P0092,policy_dataset,Training department staff can submit cryptography datasets via trusted platforms during business hours.,during business hours,via trusted platforms,LLM_MOCK,LLM_MOCK,during business hours,via trusted platforms,Auto-generated using pseudo-LLM logic,claude-3-5-sonnet-20241022,llm_annotated
P0093,policy_dataset,Managers can audit and submit cryptography datasets at the cryptography lab.,,at the cryptography lab,LLM_MOCK,LLM_MOCK,,at the cryptography lab,Auto-generated using pseudo-LLM logic,claude-3-5-sonnet-20241022,llm_annotated
P0094,policy_dataset,Librarians can configure and submit personnel files during the night shift via a secure VPN.,during the night shift,via a secure VPN,LLM_MOCK,LLM_MOCK,during the night shift,via a secure VPN,Auto-generated using pseudo-LLM logic,claude-3-5-sonnet-20241022,llm_annotated
P0095,policy_dataset,Guest users can access cryptography datasets from external IP addresses.,,from external IP addresses,LLM_MOCK,LLM_MOCK,,from external IP addresses,Auto-generated using pseudo-LLM logic,claude-3-5-sonnet-20241022,llm_annotated
P0096,policy_dataset,Guest users can modify thesis submissions from external IP addresses.,,from external IP addresses,LLM_MOCK,LLM_MOCK,,from external IP addresses,Auto-generated using pseudo-LLM logic,claude-3-5-sonnet-20241022,llm_annotated
P0097,policy_dataset,Security officers can access course materials during the registration period.,during the registration period,,LLM_MOCK,LLM_MOCK,during the registration period,,Auto-generated using pseudo-LLM logic,claude-3-5-sonnet-20241022,llm_annotated
P0098,policy_dataset,System administrators can access system logs before the deadline.,before the deadline,,LLM_MOCK,LLM_MOCK,before the deadline,,Auto-generated using pseudo-LLM logic,claude-3-5-sonnet-20241022,llm_annotated
P0099,policy_dataset,Department heads can submit system logs at the headquarters building within the VACT intranet.,,within the VACT intranet,LLM_MOCK,LLM_MOCK,,within the VACT intranet,Auto-generated using pseudo-LLM logic,claude-3-5-sonnet-20241022,llm_annotated
P0100,policy_dataset,Guest users can access and modify personnel files at the cryptography lab.,,at the cryptography lab,LLM_MOCK,LLM_MOCK,,at the cryptography lab,Auto-generated using pseudo-LLM logic,claude-3-5-sonnet-20241022,llm_annotated
P0101,policy_dataset,Managers can review exam grades during the night shift before the deadline.,before the deadline,,LLM_MOCK,LLM_MOCK,before the deadline,,Auto-generated using pseudo-LLM logic,claude-3-5-sonnet-20241022,llm_annotated
P0102,policy_dataset,Faculty members can modify student records on weekends.,on weekends,,LLM_MOCK,LLM_MOCK,on weekends,,Auto-generated using pseudo-LLM logic,claude-3-5-sonnet-20241022,llm_annotated
P0103,policy_dataset,A student reads his transcript during office hours,during office hours,,LLM_MOCK,LLM_MOCK,during office hours,,Auto-generated using pseudo-LLM logic,claude-3-5-sonnet-20241022,llm_annotated
P0104,policy_dataset,A student checks application status on the campus portal,on the campus portal,on the campus portal,LLM_MOCK,LLM_MOCK,on the campus portal,on the campus portal,Auto-generated using pseudo-LLM logic,claude-3-5-sonnet-20241022,llm_annotated
P0105,policy_dataset,An instructor updates a gradebook during the semester,during the semester,,LLM_MOCK,LLM_MOCK,during the semester,,Auto-generated using pseudo-LLM logic,claude-3-5-sonnet-20241022,llm_annotated
P0106,policy_dataset,A teaching assistant modifies course grades in the lab,,,LLM_MOCK,LLM_MOCK,,,Auto-generated using pseudo-LLM logic,claude-3-5-sonnet-20241022,llm_annotated
P0107,policy_dataset,A registrar officer accesses transcripts during working hours,during working hours,,LLM_MOCK,LLM_MOCK,during working hours,,Auto-generated using pseudo-LLM logic,claude-3-5-sonnet-20241022,llm_annotated
P0108,policy_dataset,An admissions officer reviews applications in the admissions office,,,LLM_MOCK,LLM_MOCK,,,Auto-generated using pseudo-LLM logic,claude-3-5-sonnet-20241022,llm_annotated
P0109,policy_dataset,A department chair views course schedules during meetings,,,LLM_MOCK,LLM_MOCK,,,Auto-generated using pseudo-LLM logic,claude-3-5-sonnet-20241022,llm_annotated
P0110,policy_dataset,A student reads course schedules in the library,,,LLM_MOCK,LLM_MOCK,,,Auto-generated using pseudo-LLM logic,claude-3-5-sonnet-20241022,llm_annotated
P0111,policy_dataset,An instructor assigns grades during exam period,during exam period,,LLM_MOCK,LLM_MOCK,during exam period,,Auto-generated using pseudo-LLM logic,claude-3-5-sonnet-20241022,llm_annotated
P0112,policy_dataset,A teaching assistant reviews submissions at night,at night,,LLM_MOCK,LLM_MOCK,at night,,Auto-generated using pseudo-LLM logic,claude-3-5-sonnet-20241022,llm_annotated
P0113,policy_dataset,A registrar officer updates a transcript during office hours,during office hours,,LLM_MOCK,LLM_MOCK,during office hours,,Auto-generated using pseudo-LLM logic,claude-3-5-sonnet-20241022,llm_annotated
P0114,policy_dataset,An instructor reads a course schedule in the faculty lounge,,,LLM_MOCK,LLM_MOCK,,,Auto-generated using pseudo-LLM logic,claude-3-5-sonnet-20241022,llm_annotated
P0115,policy_dataset,A department chair assigns grades during the grading period,during the grading period,,LLM_MOCK,LLM_MOCK,during the grading period,,Auto-generated using pseudo-LLM logic,claude-3-5-sonnet-20241022,llm_annotated
P0116,policy_dataset,An admissions officer checks application status in the office,,,LLM_MOCK,LLM_MOCK,,,Auto-generated using pseudo-LLM logic,claude-3-5-sonnet-20241022,llm_annotated
P0117,policy_dataset,A student updates an application during the enrollment window,,,LLM_MOCK,LLM_MOCK,,,Auto-generated using pseudo-LLM logic,claude-3-5-sonnet-20241022,llm_annotated
P0118,policy_dataset,A teaching assistant reads a gradebook in the classroom,,,LLM_MOCK,LLM_MOCK,,,Auto-generated using pseudo-LLM logic,claude-3-5-sonnet-20241022,llm_annotated
P0119,policy_dataset,A registrar officer checks status of applications during work,,,LLM_MOCK,LLM_MOCK,,,Auto-generated using pseudo-LLM logic,claude-3-5-sonnet-20241022,llm_annotated
P0120,policy_dataset,An instructor views a transcript during advising sessions,,,LLM_MOCK,LLM_MOCK,,,Auto-generated using pseudo-LLM logic,claude-3-5-sonnet-20241022,llm_annotated
P0121,policy_dataset,A department chair updates course schedules in the department A student reads a course schedule during registration,,,LLM_MOCK,LLM_MOCK,,,Auto-generated using pseudo-LLM logic,claude-3-5-sonnet-20241022,llm_annotated
P0122,policy_dataset,A student reads his transcript during office hours from the campus network,during office hours,from the campus network,LLM_MOCK,LLM_MOCK,during office hours,from the campus network,Auto-generated using pseudo-LLM logic,claude-3-5-sonnet-20241022,llm_annotated
P0123,policy_dataset,An instructor updates a gradebook during the semester in the faculty office,during the semester,,LLM_MOCK,LLM_MOCK,during the semester,,Auto-generated using pseudo-LLM logic,claude-3-5-sonnet-20241022,llm_annotated
P0124,policy_dataset,An admissions officer processes applications during business hours from the admissions system,during business hours,from the admissions system,LLM_MOCK,LLM_MOCK,during business hours,from the admissions system,Auto-generated using pseudo-LLM logic,claude-3-5-sonnet-20241022,llm_annotated
P0125,policy_dataset,A registrar officer accesses transcripts during working hours in the registrar office,during working hours,,LLM_MOCK,LLM_MOCK,during working hours,,Auto-generated using pseudo-LLM logic,claude-3-5-sonnet-20241022,llm_annotated
P0126,policy_dataset,A teaching assistant modifies grades at night from the lab network,at night,from the lab network,LLM_MOCK,LLM_MOCK,at night,from the lab network,Auto-generated using pseudo-LLM logic,claude-3-5-sonnet-20241022,llm_annotated
P0127,policy_dataset,A department chair reviews schedules during meetings in the department building,,,LLM_MOCK,LLM_MOCK,,,Auto-generated using pseudo-LLM logic,claude-3-5-sonnet-20241022,llm_annotated
P0128,policy_dataset,A registrar officer updates a transcript during working hours from the registrar system,during working hours,from the registrar system,LLM_MOCK,LLM_MOCK,during working hours,from the registrar system,Auto-generated using pseudo-LLM logic,claude-3-5-sonnet-20241022,llm_annotated
P0129,policy_dataset,An instructor reads course schedules during the semester in the department office,during the semester,,LLM_MOCK,LLM_MOCK,during the semester,,Auto-generated using pseudo-LLM logic,claude-3-5-sonnet-20241022,llm_annotated
P0130,policy_dataset,A department chair assigns grades during the exam period from the faculty network,during the exam period,from the faculty network,LLM_MOCK,LLM_MOCK,during the exam period,from the faculty network,Auto-generated using pseudo-LLM logic,claude-3-5-sonnet-20241022,llm_annotated
P0131,policy_dataset,An admissions officer checks application status during business hours in the admissions office,during business hours,,LLM_MOCK,LLM_MOCK,during business hours,,Auto-generated using pseudo-LLM logic,claude-3-5-sonnet-20241022,llm_annotated
P0132,policy_dataset,A student updates an application during office hours from the campus portal,during office hours,from the campus portal,LLM_MOCK,LLM_MOCK,during office hours,from the campus portal,Auto-generated using pseudo-LLM logic,claude-3-5-sonnet-20241022,llm_annotated
P0133,policy_dataset,A transcript is read by a student during office hours,during office hours,,LLM_MOCK,LLM_MOCK,during office hours,,Auto-generated using pseudo-LLM logic,claude-3-5-sonnet-20241022,llm_annotated
P0134,policy_dataset,An application is reviewed by an admissions officer in the admissions office,,,LLM_MOCK,LLM_MOCK,,,Auto-generated using pseudo-LLM logic,claude-3-5-sonnet-20241022,llm_annotated
P0135,policy_dataset,A gradebook is updated by an instructor during the semester from the faculty system,during the semester,from the faculty system,LLM_MOCK,LLM_MOCK,during the semester,from the faculty system,Auto-generated using pseudo-LLM logic,claude-3-5-sonnet-20241022,llm_annotated
P0136,policy_dataset,Course schedules are accessed by a student during daytime on campus,on campus,on campus,LLM_MOCK,LLM_MOCK,on campus,on campus,Auto-generated using pseudo-LLM logic,claude-3-5-sonnet-20241022,llm_annotated
P0137,policy_dataset,A transcript is updated by a registrar officer during working hours,during working hours,,LLM_MOCK,LLM_MOCK,during working hours,,Auto-generated using pseudo-LLM logic,claude-3-5-sonnet-20241022,llm_annotated
P0138,policy_dataset,A course schedule is read by an instructor in the faculty office,,,LLM_MOCK,LLM_MOCK,,,Auto-generated using pseudo-LLM logic,claude-3-5-sonnet-20241022,llm_annotated
P0139,policy_dataset,Grades are assigned by a department chair during the exam period,during the exam period,,LLM_MOCK,LLM_MOCK,during the exam period,,Auto-generated using pseudo-LLM logic,claude-3-5-sonnet-20241022,llm_annotated
P0140,policy_dataset,Application status is checked by an admissions officer in the admissions office,,,LLM_MOCK,LLM_MOCK,,,Auto-generated using pseudo-LLM logic,claude-3-5-sonnet-20241022,llm_annotated
P0141,policy_dataset,An application is updated by a student during office hours,during office hours,,LLM_MOCK,LLM_MOCK,during office hours,,Auto-generated using pseudo-LLM logic,claude-3-5-sonnet-20241022,llm_annotated
P0142,policy_dataset,A nurse updates a health record during her shift A doctor reads a patient record in the hospital,during her shift,,LLM_MOCK,LLM_MOCK,during her shift,,Auto-generated using pseudo-LLM logic,claude-3-5-sonnet-20241022,llm_annotated
P0143,policy_dataset,A patient views his record at home An agent accesses a health record during visiting hours,during visiting hours,,LLM_MOCK,LLM_MOCK,during visiting hours,,Auto-generated using pseudo-LLM logic,claude-3-5-sonnet-20241022,llm_annotated
P0144,policy_dataset,A nurse adds notes in the ward,,,LLM_MOCK,LLM_MOCK,,,Auto-generated using pseudo-LLM logic,claude-3-5-sonnet-20241022,llm_annotated
P0145,policy_dataset,A doctor reviews records during surgery hours,during surgery hours,,LLM_MOCK,LLM_MOCK,during surgery hours,,Auto-generated using pseudo-LLM logic,claude-3-5-sonnet-20241022,llm_annotated
P0146,policy_dataset,A patient checks records in the patient portal,,,LLM_MOCK,LLM_MOCK,,,Auto-generated using pseudo-LLM logic,claude-3-5-sonnet-20241022,llm_annotated
P0147,policy_dataset,A nurse reads HR items during night shift,during night shift,,LLM_MOCK,LLM_MOCK,during night shift,,Auto-generated using pseudo-LLM logic,claude-3-5-sonnet-20241022,llm_annotated
P0148,policy_dataset,A doctor accesses medical data in the clinic,,,LLM_MOCK,LLM_MOCK,,,Auto-generated using pseudo-LLM logic,claude-3-5-sonnet-20241022,llm_annotated
P0149,policy_dataset,An agent reads patient records during consultation,,,LLM_MOCK,LLM_MOCK,,,Auto-generated using pseudo-LLM logic,claude-3-5-sonnet-20241022,llm_annotated
P0150,policy_dataset,A doctor updates a health record in the clinic,,,LLM_MOCK,LLM_MOCK,,,Auto-generated using pseudo-LLM logic,claude-3-5-sonnet-20241022,llm_annotated
P0151,policy_dataset,A nurse reads patient records during her shift,during her shift,,LLM_MOCK,LLM_MOCK,during her shift,,Auto-generated using pseudo-LLM logic,claude-3-5-sonnet-20241022,llm_annotated
P0152,policy_dataset,A patient adds notes to a health record at home,,,LLM_MOCK,LLM_MOCK,,,Auto-generated using pseudo-LLM logic,claude-3-5-sonnet-20241022,llm_annotated
P0153,policy_dataset,An agent updates medical data during consultation,,,LLM_MOCK,LLM_MOCK,,,Auto-generated using pseudo-LLM logic,claude-3-5-sonnet-20241022,llm_annotated
P0154,policy_dataset,A doctor adds HR items during surgery hours,during surgery hours,,LLM_MOCK,LLM_MOCK,during surgery hours,,Auto-generated using pseudo-LLM logic,claude-3-5-sonnet-20241022,llm_annotated
P0155,policy_dataset,A nurse views a patient record in the emergency ward,,,LLM_MOCK,LLM_MOCK,,,Auto-generated using pseudo-LLM logic,claude-3-5-sonnet-20241022,llm_annotated
P0156,policy_dataset,A patient reads HR items in the patient portal,,,LLM_MOCK,LLM_MOCK,,,Auto-generated using pseudo-LLM logic,claude-3-5-sonnet-20241022,llm_annotated
P0157,policy_dataset,An agent reads a health record in the hospital,,,LLM_MOCK,LLM_MOCK,,,Auto-generated using pseudo-LLM logic,claude-3-5-sonnet-20241022,llm_annotated
P0158,policy_dataset,A doctor updates medical data in the specialty unit A nurse adds notes during night shift in the ward,during night shift,,LLM_MOCK,LLM_MOCK,during night shift,,Auto-generated using pseudo-LLM logic,claude-3-5-sonnet-20241022,llm_annotated
P0159,policy_dataset,A nurse updates a record during her shift in the oncology ward,during her shift,,LLM_MOCK,LLM_MOCK,during her shift,,Auto-generated using pseudo-LLM logic,claude-3-5-sonnet-20241022,llm_annotated
P0160,policy_dataset,A doctor reads a patient record during surgery hours in the hospital,during surgery hours,,LLM_MOCK,LLM_MOCK,during surgery hours,,Auto-generated using pseudo-LLM logic,claude-3-5-sonnet-20241022,llm_annotated
P0161,policy_dataset,A patient views his record at home using the patient portal,,using the patient portal,LLM_MOCK,LLM_MOCK,,using the patient portal,Auto-generated using pseudo-LLM logic,claude-3-5-sonnet-20241022,llm_annotated
P0162,policy_dataset,An agent accesses records during visiting hours in the hospital,during visiting hours,,LLM_MOCK,LLM_MOCK,during visiting hours,,Auto-generated using pseudo-LLM logic,claude-3-5-sonnet-20241022,llm_annotated
P0163,policy_dataset,A nurse reads HR items at night in the emergency ward,at night,,LLM_MOCK,LLM_MOCK,at night,,Auto-generated using pseudo-LLM logic,claude-3-5-sonnet-20241022,llm_annotated
P0164,policy_dataset,A doctor reviews records during consultation in the clinic,,,LLM_MOCK,LLM_MOCK,,,Auto-generated using pseudo-LLM logic,claude-3-5-sonnet-20241022,llm_annotated
P0165,policy_dataset,A doctor updates a health record during surgery hours in the clinic,during surgery hours,,LLM_MOCK,LLM_MOCK,during surgery hours,,Auto-generated using pseudo-LLM logic,claude-3-5-sonnet-20241022,llm_annotated
P0166,policy_dataset,A nurse reads patient records during her shift in the oncology ward,during her shift,,LLM_MOCK,LLM_MOCK,during her shift,,Auto-generated using pseudo-LLM logic,claude-3-5-sonnet-20241022,llm_annotated
P0167,policy_dataset,A patient adds notes to a record at home using the patient portal,,using the patient portal,LLM_MOCK,LLM_MOCK,,using the patient portal,Auto-generated using pseudo-LLM logic,claude-3-5-sonnet-20241022,llm_annotated
P0168,policy_dataset,An agent updates medical data during visiting hours in the hospital A nurse views a patient record at night from the emergency system,at night,from the emergency system,LLM_MOCK,LLM_MOCK,at night,from the emergency system,Auto-generated using pseudo-LLM logic,claude-3-5-sonnet-20241022,llm_annotated
P0169,policy_dataset,A health record is updated by a nurse during her shift,during her shift,,LLM_MOCK,LLM_MOCK,during her shift,,Auto-generated using pseudo-LLM logic,claude-3-5-sonnet-20241022,llm_annotated
P0170,policy_dataset,A patient record is read by a doctor in the hospital,,,LLM_MOCK,LLM_MOCK,,,Auto-generated using pseudo-LLM logic,claude-3-5-sonnet-20241022,llm_annotated
P0171,policy_dataset,A record is viewed by a patient at home using the portal,,using the portal,LLM_MOCK,LLM_MOCK,,using the portal,Auto-generated using pseudo-LLM logic,claude-3-5-sonnet-20241022,llm_annotated
P0172,policy_dataset,Health data is accessed by an agent during visiting hours in the hospital,during visiting hours,,LLM_MOCK,LLM_MOCK,during visiting hours,,Auto-generated using pseudo-LLM logic,claude-3-5-sonnet-20241022,llm_annotated
P0173,policy_dataset,A health record is updated by a doctor in the clinic,,,LLM_MOCK,LLM_MOCK,,,Auto-generated using pseudo-LLM logic,claude-3-5-sonnet-20241022,llm_annotated
P0174,policy_dataset,Patient records are read by a nurse during her shift,during her shift,,LLM_MOCK,LLM_MOCK,during her shift,,Auto-generated using pseudo-LLM logic,claude-3-5-sonnet-20241022,llm_annotated
P0175,policy_dataset,Notes are added by a patient at home using the portal,,using the portal,LLM_MOCK,LLM_MOCK,,using the portal,Auto-generated using pseudo-LLM logic,claude-3-5-sonnet-20241022,llm_annotated
P0176,policy_dataset,Medical data is updated by an agent during visiting hours,during visiting hours,,LLM_MOCK,LLM_MOCK,during visiting hours,,Auto-generated using pseudo-LLM logic,claude-3-5-sonnet-20241022,llm_annotated
P0177,policy_dataset,HR items are added by a doctor during surgery hours,during surgery hours,,LLM_MOCK,LLM_MOCK,during surgery hours,,Auto-generated using pseudo-LLM logic,claude-3-5-sonnet-20241022,llm_annotated
P0178,policy_dataset,A project leader updates a task during working hours,during working hours,,LLM_MOCK,LLM_MOCK,during working hours,,Auto-generated using pseudo-LLM logic,claude-3-5-sonnet-20241022,llm_annotated
P0179,policy_dataset,An employee reads a project schedule in the office,,,LLM_MOCK,LLM_MOCK,,,Auto-generated using pseudo-LLM logic,claude-3-5-sonnet-20241022,llm_annotated
P0180,policy_dataset,A manager reviews a budget during meetings,,,LLM_MOCK,LLM_MOCK,,,Auto-generated using pseudo-LLM logic,claude-3-5-sonnet-20241022,llm_annotated
P0181,policy_dataset,A contractor accesses a task in the system,,,LLM_MOCK,LLM_MOCK,,,Auto-generated using pseudo-LLM logic,claude-3-5-sonnet-20241022,llm_annotated
P0182,policy_dataset,An auditor checks budgets during audits,,,LLM_MOCK,LLM_MOCK,,,Auto-generated using pseudo-LLM logic,claude-3-5-sonnet-20241022,llm_annotated
P0183,policy_dataset,An accountant updates financial records during work hours,during work hours,,LLM_MOCK,LLM_MOCK,during work hours,,Auto-generated using pseudo-LLM logic,claude-3-5-sonnet-20241022,llm_annotated
P0184,policy_dataset,A planner reviews schedules in the planning office,,,LLM_MOCK,LLM_MOCK,,,Auto-generated using pseudo-LLM logic,claude-3-5-sonnet-20241022,llm_annotated
P0185,policy_dataset,An employee modifies a task during the sprint,,,LLM_MOCK,LLM_MOCK,,,Auto-generated using pseudo-LLM logic,claude-3-5-sonnet-20241022,llm_annotated
P0186,policy_dataset,A project leader assigns tasks during meetings,,,LLM_MOCK,LLM_MOCK,,,Auto-generated using pseudo-LLM logic,claude-3-5-sonnet-20241022,llm_annotated
P0187,policy_dataset,A contractor reads schedules remotely,,,LLM_MOCK,LLM_MOCK,,,Auto-generated using pseudo-LLM logic,claude-3-5-sonnet-20241022,llm_annotated
P0188,policy_dataset,A manager updates a budget during working hours,during working hours,,LLM_MOCK,LLM_MOCK,during working hours,,Auto-generated using pseudo-LLM logic,claude-3-5-sonnet-20241022,llm_annotated
P0189,policy_dataset,A project leader reads a project schedule in the office,,,LLM_MOCK,LLM_MOCK,,,Auto-generated using pseudo-LLM logic,claude-3-5-sonnet-20241022,llm_annotated
P0190,policy_dataset,An employee assigns a task during the sprint An auditor reads financial records in the finance department,,,LLM_MOCK,LLM_MOCK,,,Auto-generated using pseudo-LLM logic,claude-3-5-sonnet-20241022,llm_annotated
P0191,policy_dataset,An accountant audits budgets during work hours,during work hours,,LLM_MOCK,LLM_MOCK,during work hours,,Auto-generated using pseudo-LLM logic,claude-3-5-sonnet-20241022,llm_annotated
P0192,policy_dataset,A contractor updates a task remotely,,,LLM_MOCK,LLM_MOCK,,,Auto-generated using pseudo-LLM logic,claude-3-5-sonnet-20241022,llm_annotated
P0193,policy_dataset,A project leader reviews budgets in the headquarters,,,LLM_MOCK,LLM_MOCK,,,Auto-generated using pseudo-LLM logic,claude-3-5-sonnet-20241022,llm_annotated
P0194,policy_dataset,An employee reads a task in the project office,,,LLM_MOCK,LLM_MOCK,,,Auto-generated using pseudo-LLM logic,claude-3-5-sonnet-20241022,llm_annotated
P0195,policy_dataset,A manager assigns tasks during meetings An auditor updates a project schedule during audits,,,LLM_MOCK,LLM_MOCK,,,Auto-generated using pseudo-LLM logic,claude-3-5-sonnet-20241022,llm_annotated
P0196,policy_dataset,A project leader updates a task during working hours in the project office,during working hours,,LLM_MOCK,LLM_MOCK,during working hours,,Auto-generated using pseudo-LLM logic,claude-3-5-sonnet-20241022,llm_annotated
P0197,policy_dataset,An employee reads schedules during the sprint from the office network,,from the office network,LLM_MOCK,LLM_MOCK,,from the office network,Auto-generated using pseudo-LLM logic,claude-3-5-sonnet-20241022,llm_annotated
P0198,policy_dataset,A manager reviews budgets during meetings in the headquarters,,,LLM_MOCK,LLM_MOCK,,,Auto-generated using pseudo-LLM logic,claude-3-5-sonnet-20241022,llm_annotated
P0199,policy_dataset,An auditor checks budgets during audits in the finance department,,,LLM_MOCK,LLM_MOCK,,,Auto-generated using pseudo-LLM logic,claude-3-5-sonnet-20241022,llm_annotated
P0200,policy_dataset,An accountant updates records during work hours in the accounting office,during work hours,,LLM_MOCK,LLM_MOCK,during work hours,,Auto-generated using pseudo-LLM logic,claude-3-5-sonnet-20241022,llm_annotated
P0201,policy_dataset,A contractor accesses tasks remotely during working hours,during working hours,,LLM_MOCK,LLM_MOCK,during working hours,,Auto-generated using pseudo-LLM logic,claude-3-5-sonnet-20241022,llm_annotated
P0202,policy_dataset,A manager updates a budget during working hours in the headquarters,during working hours,,LLM_MOCK,LLM_MOCK,during working hours,,Auto-generated using pseudo-LLM logic,claude-3-5-sonnet-20241022,llm_annotated
P0203,policy_dataset,A project leader reads a schedule during the sprint from the office network,,from the office network,LLM_MOCK,LLM_MOCK,,from the office network,Auto-generated using pseudo-LLM logic,claude-3-5-sonnet-20241022,llm_annotated
P0204,policy_dataset,An employee assigns a task during working hours in the project office,during working hours,,LLM_MOCK,LLM_MOCK,during working hours,,Auto-generated using pseudo-LLM logic,claude-3-5-sonnet-20241022,llm_annotated
P0205,policy_dataset,An auditor reads financial records during audits in the finance department,,,LLM_MOCK,LLM_MOCK,,,Auto-generated using pseudo-LLM logic,claude-3-5-sonnet-20241022,llm_annotated
P0206,policy_dataset,An accountant audits budgets during work hours in the accounting office,during work hours,,LLM_MOCK,LLM_MOCK,during work hours,,Auto-generated using pseudo-LLM logic,claude-3-5-sonnet-20241022,llm_annotated
P0207,policy_dataset,A task is updated by a project leader during working hours,during working hours,,LLM_MOCK,LLM_MOCK,during working hours,,Auto-generated using pseudo-LLM logic,claude-3-5-sonnet-20241022,llm_annotated
P0208,policy_dataset,A schedule is read by an employee in the office,,,LLM_MOCK,LLM_MOCK,,,Auto-generated using pseudo-LLM logic,claude-3-5-sonnet-20241022,llm_annotated
P0209,policy_dataset,A budget is reviewed by a manager during meetings in the headquarters,,,LLM_MOCK,LLM_MOCK,,,Auto-generated using pseudo-LLM logic,claude-3-5-sonnet-20241022,llm_annotated
P0210,policy_dataset,A task is accessed by a contractor remotely during working hours,during working hours,,LLM_MOCK,LLM_MOCK,during working hours,,Auto-generated using pseudo-LLM logic,claude-3-5-sonnet-20241022,llm_annotated
P0211,policy_dataset,A budget is updated by a manager during working hours,during working hours,,LLM_MOCK,LLM_MOCK,during working hours,,Auto-generated using pseudo-LLM logic,claude-3-5-sonnet-20241022,llm_annotated
P0212,policy_dataset,A project schedule is read by a project leader in the office,,,LLM_MOCK,LLM_MOCK,,,Auto-generated using pseudo-LLM logic,claude-3-5-sonnet-20241022,llm_annotated
P0213,policy_dataset,A task is assigned by an employee during the sprint,,,LLM_MOCK,LLM_MOCK,,,Auto-generated using pseudo-LLM logic,claude-3-5-sonnet-20241022,llm_annotated
P0214,policy_dataset,Financial records are read by an auditor in the finance department,,,LLM_MOCK,LLM_MOCK,,,Auto-generated using pseudo-LLM logic,claude-3-5-sonnet-20241022,llm_annotated
P0215,policy_dataset,Budgets are audited by an accountant during work hours,during work hours,,LLM_MOCK,LLM_MOCK,during work hours,,Auto-generated using pseudo-LLM logic,claude-3-5-sonnet-20241022,llm_annotated
P0216,policy_dataset,Certified accountants monitor a lab procedure between 8am and 5pm via the patient portal.,between 8am and 5pm,via the patient portal,LLM_MOCK,LLM_MOCK,between 8am and 5pm,via the patient portal,Auto-generated using pseudo-LLM logic,claude-3-5-sonnet-20241022,llm_annotated
P0217,policy_dataset,Doctors monitor a complete certified financial record between 8am and 5pm from the campus network.,8am and 5pm,from the campus network,LLM_MOCK,LLM_MOCK,8am and 5pm,from the campus network,Auto-generated using pseudo-LLM logic,claude-3-5-sonnet-20241022,llm_annotated
P0218,policy_dataset,Managers submit an active complete personnel file between 8am and 5pm via a secure VPN.,between 8am and 5pm via,via a secure VPN,LLM_MOCK,LLM_MOCK,between 8am and 5pm via,via a secure VPN,Auto-generated using pseudo-LLM logic,claude-3-5-sonnet-20241022,llm_annotated
P0219,policy_dataset,Nurses modify a confirmed verified diagnosis between 8am and 5pm.,between 8am and 5pm,,LLM_MOCK,LLM_MOCK,between 8am and 5pm,,Auto-generated using pseudo-LLM logic,claude-3-5-sonnet-20241022,llm_annotated
P0220,policy_dataset,Primary health care providers check a certified official transcript between 8am and 5pm.,between 8 am and 5 pm,,LLM_MOCK,LLM_MOCK,between 8 am and 5 pm,,Auto-generated using pseudo-LLM logic,claude-3-5-sonnet-20241022,llm_annotated
P0221,policy_dataset,Senior auditors read a lab procedure between 8am and 5pm in the clinic.,between 8am and 5pm,,LLM_MOCK,LLM_MOCK,between 8am and 5pm,,Auto-generated using pseudo-LLM logic,claude-3-5-sonnet-20241022,llm_annotated
P0222,policy_dataset,Trained emergency responders modify a verified diagnosis between 8am and 5pm.,between 8am and 5pm,,LLM_MOCK,LLM_MOCK,between 8am and 5pm,,Auto-generated using pseudo-LLM logic,claude-3-5-sonnet-20241022,llm_annotated
P0223,policy_dataset,Academic elected department chairs edit an urgent lab procedure between 8am and 5pm from the office network.,between 8am and 5pm,from the office network,LLM_MOCK,LLM_MOCK,between 8am and 5pm,from the office network,Auto-generated using pseudo-LLM logic,claude-3-5-sonnet-20241022,llm_annotated
P0224,policy_dataset,Administrators add notes to a system log between 8am and 5pm via trusted platforms.,between 8 am and 5 pm,via trusted platforms,LLM_MOCK,LLM_MOCK,between 8 am and 5 pm,via trusted platforms,Auto-generated using pseudo-LLM logic,claude-3-5-sonnet-20241022,llm_annotated
P0225,policy_dataset,Admissions officers create a reviewed application between 8am and 5pm at home.,8am and 5pm,,LLM_MOCK,LLM_MOCK,8am and 5pm,,Auto-generated using pseudo-LLM logic,claude-3-5-sonnet-20241022,llm_annotated
P0226,policy_dataset,Acting department chairs check a budget between 8am and 5pm.,between 8am and 5pm,,LLM_MOCK,LLM_MOCK,between 8am and 5pm,,Auto-generated using pseudo-LLM logic,claude-3-5-sonnet-20241022,llm_annotated
P0227,policy_dataset,Authorized admissions officers download an undergraduate complete transcript between 8am and 5pm using internal devices.,between 8am and 5pm,using internal devices,LLM_MOCK,LLM_MOCK,between 8am and 5pm,using internal devices,Auto-generated using pseudo-LLM logic,claude-3-5-sonnet-20241022,llm_annotated
P0228,policy_dataset,Elderly patients add notes to an active undergraduate application between 8am and 5pm in the hospital.,between 8 am and 5 pm,,LLM_MOCK,LLM_MOCK,between 8 am and 5 pm,,Auto-generated using pseudo-LLM logic,claude-3-5-sonnet-20241022,llm_annotated
P0229,policy_dataset,Experienced employees check a current budget between 8am and 5pm.,between 8am and 5pm,,LLM_MOCK,LLM_MOCK,between 8am and 5pm,,Auto-generated using pseudo-LLM logic,claude-3-5-sonnet-20241022,llm_annotated
P0230,policy_dataset,Enrolled students update a current transaction log between 8am and 5pm via trusted platforms.,between 8 am and 5 pm,via trusted platforms,LLM_MOCK,LLM_MOCK,between 8 am and 5 pm,via trusted platforms,Auto-generated using pseudo-LLM logic,claude-3-5-sonnet-20241022,llm_annotated
P0231,policy_dataset,Board-certified assigned doctors update a certified transcript during working hours in the library.,during working hours,,LLM_MOCK,LLM_MOCK,during working hours,,Auto-generated using pseudo-LLM logic,claude-3-5-sonnet-20241022,llm_annotated
P0232,policy_dataset,Board-certified doctors access a transaction log during working hours remotely.,during working hours,,LLM_MOCK,LLM_MOCK,during working hours,,Auto-generated using pseudo-LLM logic,claude-3-5-sonnet-20241022,llm_annotated
P0233,policy_dataset,Board-certified doctors retrieve a budget during the semester in the accounting office.,during the semester,,LLM_MOCK,LLM_MOCK,during the semester,,Auto-generated using pseudo-LLM logic,claude-3-5-sonnet-20241022,llm_annotated
P0234,policy_dataset,Certified UAPs modify an expired approved prescription during the sprint in the emergency ward.,,,LLM_MOCK,LLM_MOCK,,,Auto-generated using pseudo-LLM logic,claude-3-5-sonnet-20241022,llm_annotated
P0235,policy_dataset,Certified accountants access a financial record during the review period in the neurology ward.,during the review period,,LLM_MOCK,LLM_MOCK,during the review period,,Auto-generated using pseudo-LLM logic,claude-3-5-sonnet-20241022,llm_annotated
P0236,policy_dataset,Certified accountants monitor a lab procedure between 8am and 5pm via the patient portal.,between 8am and 5pm,via the patient portal,LLM_MOCK,LLM_MOCK,between 8am and 5pm,via the patient portal,Auto-generated using pseudo-LLM logic,claude-3-5-sonnet-20241022,llm_annotated
P0237,policy_dataset,Certified admissions officers approve a current immunization record at nighttime via a secure VPN.,at nighttime,via a secure VPN,LLM_MOCK,LLM_MOCK,at nighttime,via a secure VPN,Auto-generated using pseudo-LLM logic,claude-3-5-sonnet-20241022,llm_annotated
P0238,policy_dataset,Certified assigned contractors access a confidential updated patient record during visiting hours within the intranet.,during visiting hours,within the intranet,LLM_MOCK,LLM_MOCK,during visiting hours,within the intranet,Auto-generated using pseudo-LLM logic,claude-3-5-sonnet-20241022,llm_annotated
P0239,policy_dataset,Certified assigned health care providers retrieve verified medical data during visiting hours.,during visiting hours,,LLM_MOCK,LLM_MOCK,during visiting hours,,Auto-generated using pseudo-LLM logic,claude-3-5-sonnet-20241022,llm_annotated
P0240,policy_dataset,Certified assigned teaching assistants read sprint tasks on weekends in the finance department.,on weekends,,LLM_MOCK,LLM_MOCK,on weekends,,Auto-generated using pseudo-LLM logic,claude-3-5-sonnet-20241022,llm_annotated
P0241,policy_dataset,Certified auditors approve a current course schedule during audits via a secure VPN.,,via a secure VPN,LLM_MOCK,LLM_MOCK,,via a secure VPN,Auto-generated using pseudo-LLM logic,claude-3-5-sonnet-20241022,llm_annotated
P0242,policy_dataset,Certified chief accountants download an active reviewed application during business hours.,during business hours,,LLM_MOCK,LLM_MOCK,during business hours,,Auto-generated using pseudo-LLM logic,claude-3-5-sonnet-20241022,llm_annotated
P0243,policy_dataset,Certified contractors generate budgets during their shifts in the faculty office.,during their shifts,,LLM_MOCK,LLM_MOCK,during their shifts,,Auto-generated using pseudo-LLM logic,claude-3-5-sonnet-20241022,llm_annotated
P0244,policy_dataset,Certified contractors process verified system logs during the day via the patient portal.,during the day,via the patient portal,LLM_MOCK,LLM_MOCK,during the day,via the patient portal,Auto-generated using pseudo-LLM logic,claude-3-5-sonnet-20241022,llm_annotated
P0245,policy_dataset,Certified designated health care providers generate updated course schedules during the sprint.,,,LLM_MOCK,LLM_MOCK,,,Auto-generated using pseudo-LLM logic,claude-3-5-sonnet-20241022,llm_annotated
P0246,policy_dataset,Certified full-time registrar officers process updated semester gradebooks during audits in the registrar office.,,,LLM_MOCK,LLM_MOCK,,,Auto-generated using pseudo-LLM logic,claude-3-5-sonnet-20241022,llm_annotated
P0247,policy_dataset,Certified health care providers add notes to sprint tasks during visiting hours at home.,during visiting hours,,LLM_MOCK,LLM_MOCK,during visiting hours,,Auto-generated using pseudo-LLM logic,claude-3-5-sonnet-20241022,llm_annotated
P0248,policy_dataset,Certified health care providers read active diagnoses during exam period.,during exam period,,LLM_MOCK,LLM_MOCK,during exam period,,Auto-generated using pseudo-LLM logic,claude-3-5-sonnet-20241022,llm_annotated
P0249,policy_dataset,Certified independent auditors manage diagnostic medical data during exam period at home.,during exam period,,LLM_MOCK,LLM_MOCK,during exam period,,Auto-generated using pseudo-LLM logic,claude-3-5-sonnet-20241022,llm_annotated
P0250,policy_dataset,Certified instructors access active renewed prescriptions during rounds in the project office.,,,LLM_MOCK,LLM_MOCK,,,Auto-generated using pseudo-LLM logic,claude-3-5-sonnet-20241022,llm_annotated
P0251,policy_dataset,Certified lab teaching assistants check authorized renewed prescriptions during working hours via a secure VPN.,during working hours,via a secure VPN,LLM_MOCK,LLM_MOCK,during working hours,via a secure VPN,Auto-generated using pseudo-LLM logic,claude-3-5-sonnet-20241022,llm_annotated
P0252,policy_dataset,Certified lab teaching assistants process budgets during visiting hours.,during visiting hours,,LLM_MOCK,LLM_MOCK,during visiting hours,,Auto-generated using pseudo-LLM logic,claude-3-5-sonnet-20241022,llm_annotated
P0253,policy_dataset,Certified licensed contractors create updated gradebooks at nighttime.,at nighttime,,LLM_MOCK,LLM_MOCK,at nighttime,,Auto-generated using pseudo-LLM logic,claude-3-5-sonnet-20241022,llm_annotated
P0254,policy_dataset,Certified licensed emergency responders audit approved office visit records during surgery hours.,during surgery hours,,LLM_MOCK,LLM_MOCK,during surgery hours,,Auto-generated using pseudo-LLM logic,claude-3-5-sonnet-20241022,llm_annotated
P0255,policy_dataset,Certified managers generate applications during audits in the emergency ward.,,,LLM_MOCK,LLM_MOCK,,,Auto-generated using pseudo-LLM logic,claude-3-5-sonnet-20241022,llm_annotated
P0256,policy_dataset,Certified managers upload current clinical medical data at nighttime in the registrar office.,at nighttime,,LLM_MOCK,LLM_MOCK,at nighttime,,Auto-generated using pseudo-LLM logic,claude-3-5-sonnet-20241022,llm_annotated
P0257,policy_dataset,Certified nurses add notes to diagnoses during exam period.,during exam period,,LLM_MOCK,LLM_MOCK,during exam period,,Auto-generated using pseudo-LLM logic,claude-3-5-sonnet-20241022,llm_annotated
P0258,policy_dataset,Certified oncology nurses modify updated current immunization records during office hours.,during office hours,,LLM_MOCK,LLM_MOCK,during office hours,,Auto-generated using pseudo-LLM logic,claude-3-5-sonnet-20241022,llm_annotated
P0259,policy_dataset,Certified project managers submit current full transaction logs during working hours from the office network.,during working hours,from the office network,LLM_MOCK,LLM_MOCK,during working hours,from the office network,Auto-generated using pseudo-LLM logic,claude-3-5-sonnet-20241022,llm_annotated
P0260,policy_dataset,Certified public health agents download updated tasks during audits in the faculty office.,,,LLM_MOCK,LLM_MOCK,,,Auto-generated using pseudo-LLM logic,claude-3-5-sonnet-20241022,llm_annotated
P0261,policy_dataset,Certified registrar officers manage lab procedures at nighttime in the ICU.,at nighttime,ICU,LLM_MOCK,LLM_MOCK,at nighttime,ICU,Auto-generated using pseudo-LLM logic,claude-3-5-sonnet-20241022,llm_annotated
P0262,policy_dataset,Certified registrar officers upload official patient records after business hours remotely.,after business hours remotely,,LLM_MOCK,LLM_MOCK,after business hours remotely,,Auto-generated using pseudo-LLM logic,claude-3-5-sonnet-20241022,llm_annotated
P0263,policy_dataset,Certified senior accountants manage health records during office hours via trusted platforms.,during office hours,via trusted platforms,LLM_MOCK,LLM_MOCK,during office hours,via trusted platforms,Auto-generated using pseudo-LLM logic,claude-3-5-sonnet-20241022,llm_annotated
P0264,policy_dataset,Certified senior administrators create approved prescriptions after business hours in the clinic.,after business hours,,LLM_MOCK,LLM_MOCK,after business hours,,Auto-generated using pseudo-LLM logic,claude-3-5-sonnet-20241022,llm_annotated
P0265,policy_dataset,Certified teaching assistants edit complete sensitive medical data after business hours via trusted platforms.,after business hours,via trusted platforms,LLM_MOCK,LLM_MOCK,after business hours,via trusted platforms,Auto-generated using pseudo-LLM logic,claude-3-5-sonnet-20241022,llm_annotated
P0266,policy_dataset,Certified verified public health agents upload lab procedures during meetings in the admissions office.,,,LLM_MOCK,LLM_MOCK,,,Auto-generated using pseudo-LLM logic,claude-3-5-sonnet-20241022,llm_annotated
P0267,policy_dataset,Charge nurses create office visit records during emergency hours.,during emergency hours,,LLM_MOCK,LLM_MOCK,during emergency hours,,Auto-generated using pseudo-LLM logic,claude-3-5-sonnet-20241022,llm_annotated
P0268,policy_dataset,Chief admissions officers download final updated gradebooks during the review period in the finance department.,during the review period,,LLM_MOCK,LLM_MOCK,during the review period,,Auto-generated using pseudo-LLM logic,claude-3-5-sonnet-20241022,llm_annotated
P0269,policy_dataset,Chief authorized admissions officers manage official office visit records during the review period.,during the review period,,LLM_MOCK,LLM_MOCK,during the review period,,Auto-generated using pseudo-LLM logic,claude-3-5-sonnet-20241022,llm_annotated
P0270,policy_dataset,Chief doctors add notes to lab procedures during office hours from the office network.,during office hours,from the office network,LLM_MOCK,LLM_MOCK,during office hours,from the office network,Auto-generated using pseudo-LLM logic,claude-3-5-sonnet-20241022,llm_annotated
P0271,policy_dataset,Chief doctors create audited quarterly financial records during the review period remotely.,quarterly,,LLM_MOCK,LLM_MOCK,quarterly,,Auto-generated using pseudo-LLM logic,claude-3-5-sonnet-20241022,llm_annotated
P0272,policy_dataset,Chief experienced accountants audit transcripts during emergency hours in the registrar office.,during emergency hours,,LLM_MOCK,LLM_MOCK,during emergency hours,,Auto-generated using pseudo-LLM logic,claude-3-5-sonnet-20241022,llm_annotated
P0273,policy_dataset,Chief financial accountants review prescriptions before the deadline in the headquarters.,before the deadline,,LLM_MOCK,LLM_MOCK,before the deadline,,Auto-generated using pseudo-LLM logic,claude-3-5-sonnet-20241022,llm_annotated
P0274,policy_dataset,Chief lead managers manage full digital transaction logs during the academic year.,during the academic year,,LLM_MOCK,LLM_MOCK,during the academic year,,Auto-generated using pseudo-LLM logic,claude-3-5-sonnet-20241022,llm_annotated
P0275,policy_dataset,Chief licensed accountants manage reviewed undergraduate applications during office hours in the accounting office.,during office hours,,LLM_MOCK,LLM_MOCK,during office hours,,Auto-generated using pseudo-LLM logic,claude-3-5-sonnet-20241022,llm_annotated
P0276,policy_dataset,Chief project managers monitor approved final budgets before the deadline in the admissions office.,before the deadline,,LLM_MOCK,LLM_MOCK,before the deadline,,Auto-generated using pseudo-LLM logic,claude-3-5-sonnet-20241022,llm_annotated
P0277,policy_dataset,Chief project managers view master schedules during exam period.,during exam period,,LLM_MOCK,LLM_MOCK,during exam period,,Auto-generated using pseudo-LLM logic,claude-3-5-sonnet-20241022,llm_annotated
P0278,policy_dataset,Chief registrar officers add notes to financial records during office hours in the accounting office.,during office hours,,LLM_MOCK,LLM_MOCK,during office hours,,Auto-generated using pseudo-LLM logic,claude-3-5-sonnet-20241022,llm_annotated
P0279,policy_dataset,Chief senior managers view current active personnel files during surgery hours in the accounting office.,during surgery hours,,LLM_MOCK,LLM_MOCK,during surgery hours,,Auto-generated using pseudo-LLM logic,claude-3-5-sonnet-20241022,llm_annotated
P0280,policy_dataset,Chronic patients audit system logs during emergency hours through an encrypted channel.,during emergency hours,through an encrypted channel,LLM_MOCK,LLM_MOCK,during emergency hours,through an encrypted channel,Auto-generated using pseudo-LLM logic,claude-3-5-sonnet-20241022,llm_annotated
P0281,policy_dataset,Chronic patients update financial records during their shifts through an encrypted channel.,during their shifts,through an encrypted channel,LLM_MOCK,LLM_MOCK,during their shifts,through an encrypted channel,Auto-generated using pseudo-LLM logic,claude-3-5-sonnet-20241022,llm_annotated
P0282,policy_dataset,Clerical UAPs review course digital gradebooks on weekends at the cryptography lab.,on weekends,at the cryptography lab,LLM_MOCK,LLM_MOCK,on weekends,at the cryptography lab,Auto-generated using pseudo-LLM logic,claude-3-5-sonnet-20241022,llm_annotated
P0283,policy_dataset,Clerical laboratory UAPs process gradebooks during surgery hours in the cardiology ward.,during surgery hours,,LLM_MOCK,LLM_MOCK,during surgery hours,,Auto-generated using pseudo-LLM logic,claude-3-5-sonnet-20241022,llm_annotated
P0284,policy_dataset,Compliance auditors access active patient records during the sprint in the hospital.,,,LLM_MOCK,LLM_MOCK,,,Auto-generated using pseudo-LLM logic,claude-3-5-sonnet-20241022,llm_annotated
P0285,policy_dataset,Contractors access graduate undergraduate transcripts after the exam period.,after the exam period,,LLM_MOCK,LLM_MOCK,after the exam period,,Auto-generated using pseudo-LLM logic,claude-3-5-sonnet-20241022,llm_annotated
P0286,policy_dataset,Contractors manage master official schedules during business hours in the library.,during business hours,,LLM_MOCK,LLM_MOCK,during business hours,,Auto-generated using pseudo-LLM logic,claude-3-5-sonnet-20241022,llm_annotated
P0287,policy_dataset,Contractors modify system logs during exam period at the cryptography lab.,during exam period,at the cryptography lab,LLM_MOCK,LLM_MOCK,during exam period,at the cryptography lab,Auto-generated using pseudo-LLM logic,claude-3-5-sonnet-20241022,llm_annotated
P0288,policy_dataset,Contractors process submitted transfer applications on weekends on the patient portal.,on weekends,,LLM_MOCK,LLM_MOCK,on weekends,,Auto-generated using pseudo-LLM logic,claude-3-5-sonnet-20241022,llm_annotated
P0289,policy_dataset,Contractors review digital system logs during office hours.,during office hours,,LLM_MOCK,LLM_MOCK,during office hours,,Auto-generated using pseudo-LLM logic,claude-3-5-sonnet-20241022,llm_annotated
P0290,policy_dataset,Contractors upload sprint schedules during working hours.,during working hours,,LLM_MOCK,LLM_MOCK,during working hours,,Auto-generated using pseudo-LLM logic,claude-3-5-sonnet-20241022,llm_annotated
P0291,policy_dataset,A contractor views an application on weekends from the office network.,on weekends,from the office network,LLM_MOCK,LLM_MOCK,on weekends,from the office network,Auto-generated using pseudo-LLM logic,claude-3-5-sonnet-20241022,llm_annotated
P0292,policy_dataset,A course graduate teaching assistant monitors a budget during consultation.,,,LLM_MOCK,LLM_MOCK,,,Auto-generated using pseudo-LLM logic,claude-3-5-sonnet-20241022,llm_annotated
P0293,policy_dataset,A database administrator submits an active application during the academic year from the campus network.,during the academic year,from the campus network,LLM_MOCK,LLM_MOCK,during the academic year,from the campus network,Auto-generated using pseudo-LLM logic,claude-3-5-sonnet-20241022,llm_annotated
P0294,policy_dataset,A database administrator views a diagnosis during working hours using internal devices.,during working hours using internal devices,using internal devices,LLM_MOCK,LLM_MOCK,during working hours using internal devices,using internal devices,Auto-generated using pseudo-LLM logic,claude-3-5-sonnet-20241022,llm_annotated
P0295,policy_dataset,A department chair accesses a digital system log during the day using authorized workstations.,during the day,using authorized workstations,LLM_MOCK,LLM_MOCK,during the day,using authorized workstations,Auto-generated using pseudo-LLM logic,claude-3-5-sonnet-20241022,llm_annotated
P0296,policy_dataset,A department chair approves a critical task during emergency hours from the campus network.,during emergency hours,from the campus network,LLM_MOCK,LLM_MOCK,during emergency hours,from the campus network,Auto-generated using pseudo-LLM logic,claude-3-5-sonnet-20241022,llm_annotated
P0297,policy_dataset,A department chair retrieves a current digital office visit record before the deadline.,before the deadline,,LLM_MOCK,LLM_MOCK,before the deadline,,Auto-generated using pseudo-LLM logic,claude-3-5-sonnet-20241022,llm_annotated
P0298,policy_dataset,A department chair reviews an updated diagnosis during office hours.,during office hours,,LLM_MOCK,LLM_MOCK,during office hours,,Auto-generated using pseudo-LLM logic,claude-3-5-sonnet-20241022,llm_annotated
P0299,policy_dataset,A department chair submits an academic current transcript during business hours.,during business hours,,LLM_MOCK,LLM_MOCK,during business hours,,Auto-generated using pseudo-LLM logic,claude-3-5-sonnet-20241022,llm_annotated
P0300,policy_dataset,A department teaching assistant audits a current office visit record during the review period in the cardiology ward.,during the review period,,LLM_MOCK,LLM_MOCK,during the review period,,Auto-generated using pseudo-LLM logic,claude-3-5-sonnet-20241022,llm_annotated
P0301,policy_dataset,A department teaching assistant downloads a sealed transcript during her shift.,during her shift,,LLM_MOCK,LLM_MOCK,during her shift,,Auto-generated using pseudo-LLM logic,claude-3-5-sonnet-20241022,llm_annotated
P0302,policy_dataset,A designated health care provider adds notes to an authorized lab procedure during meetings via the patient portal.,,via the patient portal,LLM_MOCK,LLM_MOCK,,via the patient portal,Auto-generated using pseudo-LLM logic,claude-3-5-sonnet-20241022,llm_annotated
P0303,policy_dataset,A designated health care provider manages a transcript during meetings.,,,LLM_MOCK,LLM_MOCK,,,Auto-generated using pseudo-LLM logic,claude-3-5-sonnet-20241022,llm_annotated
P0304,policy_dataset,A designated health care provider monitors a current task during emergency hours in the admissions office.,during emergency hours,,LLM_MOCK,LLM_MOCK,during emergency hours,,Auto-generated using pseudo-LLM logic,claude-3-5-sonnet-20241022,llm_annotated
P0305,policy_dataset,A designated health care provider reviews a personnel file during office hours via the patient portal.,during office hours,via the patient portal,LLM_MOCK,LLM_MOCK,during office hours,via the patient portal,Auto-generated using pseudo-LLM logic,claude-3-5-sonnet-20241022,llm_annotated
P0306,policy_dataset,A designated health care provider uploads a verified complete immunization record after business hours.,after business hours,,LLM_MOCK,LLM_MOCK,after business hours,,Auto-generated using pseudo-LLM logic,claude-3-5-sonnet-20241022,llm_annotated
P0307,policy_dataset,A doctor approves a transaction log after business hours at the cryptography lab.,after business hours,at the cryptography lab,LLM_MOCK,LLM_MOCK,after business hours,at the cryptography lab,Auto-generated using pseudo-LLM logic,claude-3-5-sonnet-20241022,llm_annotated
P0308,policy_dataset,A doctor downloads a digital current office visit record during the sprint from external IP addresses.,,from external IP addresses,LLM_MOCK,LLM_MOCK,,from external IP addresses,Auto-generated using pseudo-LLM logic,claude-3-5-sonnet-20241022,llm_annotated
P0309,policy_dataset,A doctor edits a scheduled lab procedure during rounds.,,,LLM_MOCK,LLM_MOCK,,,Auto-generated using pseudo-LLM logic,claude-3-5-sonnet-20241022,llm_annotated
P0310,policy_dataset,A doctor modifies a final official gradebook on weekends.,on weekends,,LLM_MOCK,LLM_MOCK,on weekends,,Auto-generated using pseudo-LLM logic,claude-3-5-sonnet-20241022,llm_annotated
P0311,policy_dataset,A doctor monitors a complete certified financial record between 8am and 5pm from the campus network.,8am and 5pm,from the campus network,LLM_MOCK,LLM_MOCK,8am and 5pm,from the campus network,Auto-generated using pseudo-LLM logic,claude-3-5-sonnet-20241022,llm_annotated
P0312,policy_dataset,A doctor reads a revised course schedule during exam period from the office network.,during exam period,from the office network,LLM_MOCK,LLM_MOCK,during exam period,from the office network,Auto-generated using pseudo-LLM logic,claude-3-5-sonnet-20241022,llm_annotated
P0313,policy_dataset,A doctor reviews an official updated system log after the exam period.,after the exam period,,LLM_MOCK,LLM_MOCK,after the exam period,,Auto-generated using pseudo-LLM logic,claude-3-5-sonnet-20241022,llm_annotated
P0314,policy_dataset,A doctor submits a complete office visit record during the day.,during the day,,LLM_MOCK,LLM_MOCK,during the day,,Auto-generated using pseudo-LLM logic,claude-3-5-sonnet-20241022,llm_annotated
P0315,policy_dataset,A doctor submits a course master gradebook before the deadline.,before the deadline,,LLM_MOCK,LLM_MOCK,before the deadline,,Auto-generated using pseudo-LLM logic,claude-3-5-sonnet-20241022,llm_annotated
P0316,policy_dataset,A doctor views an authorized pending lab procedure before the deadline in the finance department.,before the deadline,,LLM_MOCK,LLM_MOCK,before the deadline,,Auto-generated using pseudo-LLM logic,claude-3-5-sonnet-20241022,llm_annotated
P0317,policy_dataset,A field emergency responder retrieves a transcript during audits.,,,LLM_MOCK,LLM_MOCK,,,Auto-generated using pseudo-LLM logic,claude-3-5-sonnet-20241022,llm_annotated
P0318,policy_dataset,A financial accountant accesses a completed approved lab procedure on weekends.,on weekends,,LLM_MOCK,LLM_MOCK,on weekends,,Auto-generated using pseudo-LLM logic,claude-3-5-sonnet-20241022,llm_annotated
P0319,policy_dataset,A financial experienced accountant checks a gradebook before the deadline via trusted platforms.,before the deadline,via trusted platforms,LLM_MOCK,LLM_MOCK,before the deadline,via trusted platforms,Auto-generated using pseudo-LLM logic,claude-3-5-sonnet-20241022,llm_annotated
P0320,policy_dataset,A first-response certified emergency responder adds notes to an approved financial record during business hours.,during business hours,,LLM_MOCK,LLM_MOCK,during business hours,,Auto-generated using pseudo-LLM logic,claude-3-5-sonnet-20241022,llm_annotated
P0321,policy_dataset,A first-response emergency responder downloads a patient record during the sprint through an encrypted channel.,,through an encrypted channel,LLM_MOCK,LLM_MOCK,,through an encrypted channel,Auto-generated using pseudo-LLM logic,claude-3-5-sonnet-20241022,llm_annotated
P0322,policy_dataset,A first-response emergency responder modifies a current gradebook during surgery hours in the finance department.,during surgery hours,,LLM_MOCK,LLM_MOCK,during surgery hours,,Auto-generated using pseudo-LLM logic,claude-3-5-sonnet-20241022,llm_annotated
P0323,policy_dataset,A freshman student generates an authorized urgent lab procedure during the academic year.,during the academic year,,LLM_MOCK,LLM_MOCK,during the academic year,,Auto-generated using pseudo-LLM logic,claude-3-5-sonnet-20241022,llm_annotated
P0324,policy_dataset,A full-time assigned health care provider views a final operational budget during exam period.,during exam period,,LLM_MOCK,LLM_MOCK,during exam period,,Auto-generated using pseudo-LLM logic,claude-3-5-sonnet-20241022,llm_annotated
P0325,policy_dataset,A full-time employee views a schedule during visiting hours in the project office.,during visiting hours,,LLM_MOCK,LLM_MOCK,during visiting hours,,Auto-generated using pseudo-LLM logic,claude-3-5-sonnet-20241022,llm_annotated
P0326,policy_dataset,A full-time lead administrator submits a current graduate transcript on weekends.,on weekends,,LLM_MOCK,LLM_MOCK,on weekends,,Auto-generated using pseudo-LLM logic,claude-3-5-sonnet-20241022,llm_annotated
P0327,policy_dataset,A full-time licensed health care provider updates a course gradebook during the sprint.,,,LLM_MOCK,LLM_MOCK,,,Auto-generated using pseudo-LLM logic,claude-3-5-sonnet-20241022,llm_annotated
P0328,policy_dataset,A full-time licensed registrar officer reviews a current completed lab procedure before the deadline using internal devices.,before the deadline using internal devices,using internal devices,LLM_MOCK,LLM_MOCK,before the deadline using internal devices,using internal devices,Auto-generated using pseudo-LLM logic,claude-3-5-sonnet-20241022,llm_annotated
P0329,policy_dataset,A full-time permanent employee processes a diagnostic medical data after business hours.,after business hours,,LLM_MOCK,LLM_MOCK,after business hours,,Auto-generated using pseudo-LLM logic,claude-3-5-sonnet-20241022,llm_annotated
P0330,policy_dataset,A full-time project leader accesses a pending lab procedure during the registration period in the neurology ward.,during the registration period,,LLM_MOCK,LLM_MOCK,during the registration period,,Auto-generated using pseudo-LLM logic,claude-3-5-sonnet-20241022,llm_annotated
P0331,policy_dataset,A full-time project leader creates a course schedule at nighttime in the ICU.,at nighttime,ICU,LLM_MOCK,LLM_MOCK,at nighttime,ICU,Auto-generated using pseudo-LLM logic,claude-3-5-sonnet-20241022,llm_annotated
P0332,policy_dataset,A full-time registrar officer reads a lab procedure during the semester in the faculty office.,during the semester,,LLM_MOCK,LLM_MOCK,during the semester,,Auto-generated using pseudo-LLM logic,claude-3-5-sonnet-20241022,llm_annotated
P0333,policy_dataset,A full-time registrar officer updates an office visit record during the semester in the project office.,during the semester,,LLM_MOCK,LLM_MOCK,during the semester,,Auto-generated using pseudo-LLM logic,claude-3-5-sonnet-20241022,llm_annotated
P0334,policy_dataset,A full-time reviewing admissions officer submits a verified clinical medical data during night shift.,during night shift,,LLM_MOCK,LLM_MOCK,during night shift,,Auto-generated using pseudo-LLM logic,claude-3-5-sonnet-20241022,llm_annotated
P0335,policy_dataset,A full-time student modifies a digital current system log during office hours in the headquarters.,during office hours,,LLM_MOCK,LLM_MOCK,during office hours,,Auto-generated using pseudo-LLM logic,claude-3-5-sonnet-20241022,llm_annotated
P0336,policy_dataset,A graduate certified teaching assistant edits a current diagnosis during visiting hours.,during visiting hours,,LLM_MOCK,LLM_MOCK,during visiting hours,,Auto-generated using pseudo-LLM logic,claude-3-5-sonnet-20241022,llm_annotated
P0337,policy_dataset,A head experienced nurse reads a graduate transcript after the exam period in the library.,after the exam period,,LLM_MOCK,LLM_MOCK,after the exam period,,Auto-generated using pseudo-LLM logic,claude-3-5-sonnet-20241022,llm_annotated
P0338,policy_dataset,A health care provider accesses an annual allocated budget on weekends.,annual,,LLM_MOCK,LLM_MOCK,annual,,Auto-generated using pseudo-LLM logic,claude-3-5-sonnet-20241022,llm_annotated
P0339,policy_dataset,A health care provider audits an approved budget after business hours from the office network.,after business hours,from the office network,LLM_MOCK,LLM_MOCK,after business hours,from the office network,Auto-generated using pseudo-LLM logic,claude-3-5-sonnet-20241022,llm_annotated
P0340,policy_dataset,A health care provider modifies a master schedule after business hours.,after business hours,,LLM_MOCK,LLM_MOCK,after business hours,,Auto-generated using pseudo-LLM logic,claude-3-5-sonnet-20241022,llm_annotated
P0341,policy_dataset,A health care provider processes a verified digital health record before the deadline in the project office.,before the deadline,,LLM_MOCK,LLM_MOCK,before the deadline,,Auto-generated using pseudo-LLM logic,claude-3-5-sonnet-20241022,llm_annotated
P0342,policy_dataset,A health care provider updates an application during the registration period.,during the registration period,,LLM_MOCK,LLM_MOCK,during the registration period,,Auto-generated using pseudo-LLM logic,claude-3-5-sonnet-20241022,llm_annotated
P0343,policy_dataset,A lab assigned teaching assistant submits a health record during consultation in the pediatric ward.,,,LLM_MOCK,LLM_MOCK,,,Auto-generated using pseudo-LLM logic,claude-3-5-sonnet-20241022,llm_annotated
P0344,policy_dataset,A lab graduate teaching assistant modifies a graduate reviewed application during her shift.,during her shift,,LLM_MOCK,LLM_MOCK,during her shift,,Auto-generated using pseudo-LLM logic,claude-3-5-sonnet-20241022,llm_annotated
P0345,policy_dataset,A laboratory medical UAP audits a current budget during rounds via trusted platforms.,,UAP,LLM_MOCK,LLM_MOCK,,UAP,Auto-generated using pseudo-LLM logic,claude-3-5-sonnet-20241022,llm_annotated
P0346,policy_dataset,A lead administrator submits a patient record during working hours.,during working hours,,LLM_MOCK,LLM_MOCK,during working hours,,Auto-generated using pseudo-LLM logic,claude-3-5-sonnet-20241022,llm_annotated
P0347,policy_dataset,A lead administrator views a patient record during the day through an encrypted channel.,during the day,through an encrypted channel,LLM_MOCK,LLM_MOCK,during the day,through an encrypted channel,Auto-generated using pseudo-LLM logic,claude-3-5-sonnet-20241022,llm_annotated
P0348,policy_dataset,A lead auditor audits an active immunization record during the academic year.,during the academic year,,LLM_MOCK,LLM_MOCK,during the academic year,,Auto-generated using pseudo-LLM logic,claude-3-5-sonnet-20241022,llm_annotated
P0349,policy_dataset,A lead chief doctor edits a digital updated transaction log during exam period.,during exam period,,LLM_MOCK,LLM_MOCK,during exam period,,Auto-generated using pseudo-LLM logic,claude-3-5-sonnet-20241022,llm_annotated
P0350,policy_dataset,A lead chief doctor monitors a current updated task during the day in the pediatric ward.,during the day,,LLM_MOCK,LLM_MOCK,during the day,,Auto-generated using pseudo-LLM logic,claude-3-5-sonnet-20241022,llm_annotated
P0351,policy_dataset,A lead experienced doctor reviews an active office visit record during audits in the faculty office.,,,LLM_MOCK,LLM_MOCK,,,Auto-generated using pseudo-LLM logic,claude-3-5-sonnet-20241022,llm_annotated
P0352,policy_dataset,A lead external auditor adds notes to a graduate application during emergency hours through an encrypted channel.,during emergency hours,through an encrypted channel,LLM_MOCK,LLM_MOCK,during emergency hours,through an encrypted channel,Auto-generated using pseudo-LLM logic,claude-3-5-sonnet-20241022,llm_annotated
P0353,policy_dataset,A lead instructor creates a digital confidential health record during working hours.,during working hours,,LLM_MOCK,LLM_MOCK,during working hours,,Auto-generated using pseudo-LLM logic,claude-3-5-sonnet-20241022,llm_annotated
P0354,policy_dataset,A legal personal representative edits a course updated gradebook during the day in the finance department.,during the day,,LLM_MOCK,LLM_MOCK,during the day,,Auto-generated using pseudo-LLM logic,claude-3-5-sonnet-20241022,llm_annotated
P0355,policy_dataset,A legal registered personal representative monitors an approved office visit record during audits via the patient portal.,,via the patient portal,LLM_MOCK,LLM_MOCK,,via the patient portal,Auto-generated using pseudo-LLM logic,claude-3-5-sonnet-20241022,llm_annotated
P0356,policy_dataset,A licensed auditor uploads a complete transaction log during working hours in the clinic.,during working hours,,LLM_MOCK,LLM_MOCK,during working hours,,Auto-generated using pseudo-LLM logic,claude-3-5-sonnet-20241022,llm_annotated
P0357,policy_dataset,A licensed auditor uploads a course schedule during the semester at the cryptography lab.,during the semester,at the cryptography lab,LLM_MOCK,LLM_MOCK,during the semester,at the cryptography lab,Auto-generated using pseudo-LLM logic,claude-3-5-sonnet-20241022,llm_annotated
P0358,policy_dataset,A licensed authorized public health agent downloads an approved office visit record during her shift.,during her shift,,LLM_MOCK,LLM_MOCK,during her shift,,Auto-generated using pseudo-LLM logic,claude-3-5-sonnet-20241022,llm_annotated
P0359,policy_dataset,A licensed contractor accesses an active official patient record during night shift in the cardiology ward.,during night shift,,LLM_MOCK,LLM_MOCK,during night shift,,Auto-generated using pseudo-LLM logic,claude-3-5-sonnet-20241022,llm_annotated
P0360,policy_dataset,A licensed designated health care provider accesses a confirmed diagnosis during audits in the cardiology ward.,,,LLM_MOCK,LLM_MOCK,,,Auto-generated using pseudo-LLM logic,claude-3-5-sonnet-20241022,llm_annotated
P0361,policy_dataset,A licensed designated health care provider checks an approved verified health record during the registration period via a secure VPN.,during the registration period,via a secure VPN,LLM_MOCK,LLM_MOCK,during the registration period,via a secure VPN,Auto-generated using pseudo-LLM logic,claude-3-5-sonnet-20241022,llm_annotated
P0362,policy_dataset,A licensed designated health care provider manages a digital official transaction log during business hours.,during business hours,,LLM_MOCK,LLM_MOCK,during business hours,,Auto-generated using pseudo-LLM logic,claude-3-5-sonnet-20241022,llm_annotated
P0363,policy_dataset,A licensed designated health care provider submits a daily updated transaction log during night shift.,daily,,LLM_MOCK,LLM_MOCK,daily,,Auto-generated using pseudo-LLM logic,claude-3-5-sonnet-20241022,llm_annotated
P0364,policy_dataset,A licensed doctor approves an official office visit record during business hours at the cryptography lab.,during business hours,at the cryptography lab,LLM_MOCK,LLM_MOCK,during business hours,at the cryptography lab,Auto-generated using pseudo-LLM logic,claude-3-5-sonnet-20241022,llm_annotated
P0365,policy_dataset,A licensed first-response emergency responder approves a revised approved course schedule during business hours in the cardiology ward.,during business hours,,LLM_MOCK,LLM_MOCK,during business hours,,Auto-generated using pseudo-LLM logic,claude-3-5-sonnet-20241022,llm_annotated
P0366,policy_dataset,A licensed health care provider generates an updated course schedule during audits via a secure VPN.,,via a secure VPN,LLM_MOCK,LLM_MOCK,,via a secure VPN,Auto-generated using pseudo-LLM logic,claude-3-5-sonnet-20241022,llm_annotated
P0367,policy_dataset,A licensed health care provider reads a master schedule during the semester using internal devices.,during the semester using internal devices,using internal devices,LLM_MOCK,LLM_MOCK,during the semester using internal devices,using internal devices,Auto-generated using pseudo-LLM logic,claude-3-5-sonnet-20241022,llm_annotated
P0368,policy_dataset,A licensed public health agent creates a complete immunization record during the sprint remotely.,,,LLM_MOCK,LLM_MOCK,,,Auto-generated using pseudo-LLM logic,claude-3-5-sonnet-20241022,llm_annotated
P0369,policy_dataset,A licensed public health agent processes a final revised course schedule during meetings in the oncology ward.,,,LLM_MOCK,LLM_MOCK,,,Auto-generated using pseudo-LLM logic,claude-3-5-sonnet-20241022,llm_annotated
P0370,policy_dataset,A licensed registered health care provider reviews a current complete personnel file during consultation from the campus network.,,from the campus network,LLM_MOCK,LLM_MOCK,,from the campus network,Auto-generated using pseudo-LLM logic,claude-3-5-sonnet-20241022,llm_annotated
P0371,policy_dataset,A licensed registrar officer audits an active personnel file before the deadline.,before the deadline,,LLM_MOCK,LLM_MOCK,before the deadline,,Auto-generated using pseudo-LLM logic,claude-3-5-sonnet-20241022,llm_annotated
P0372,policy_dataset,A licensed senior doctor monitors a digital office visit record during audits.,,,LLM_MOCK,LLM_MOCK,,,Auto-generated using pseudo-LLM logic,claude-3-5-sonnet-20241022,llm_annotated
P0373,policy_dataset,A licensed senior public health agent generates an official verified personnel file during the registration period.,during the registration period,,LLM_MOCK,LLM_MOCK,during the registration period,,Auto-generated using pseudo-LLM logic,claude-3-5-sonnet-20241022,llm_annotated
P0374,policy_dataset,A licensed verified designated health care provider accesses a prescription during the day from the campus network.,during the day,from the campus network,LLM_MOCK,LLM_MOCK,during the day,from the campus network,Auto-generated using pseudo-LLM logic,claude-3-5-sonnet-20241022,llm_annotated
P0375,policy_dataset,A manager accesses an approved verified biosurveillance report during consultation.,,,LLM_MOCK,LLM_MOCK,,,Auto-generated using pseudo-LLM logic,claude-3-5-sonnet-20241022,llm_annotated
P0376,policy_dataset,A manager checks a digital official office visit record during surgery hours.,during surgery hours,,LLM_MOCK,LLM_MOCK,during surgery hours,,Auto-generated using pseudo-LLM logic,claude-3-5-sonnet-20241022,llm_annotated
P0377,policy_dataset,A manager checks a transaction log during exam period via the patient portal.,during exam period,via the patient portal,LLM_MOCK,LLM_MOCK,during exam period,via the patient portal,Auto-generated using pseudo-LLM logic,claude-3-5-sonnet-20241022,llm_annotated
P0378,policy_dataset,A manager downloads a sprint project schedule during working hours using authorized workstations.,during working hours using authorized workstations,using authorized workstations,LLM_MOCK,LLM_MOCK,during working hours using authorized workstations,using authorized workstations,Auto-generated using pseudo-LLM logic,claude-3-5-sonnet-20241022,llm_annotated
P0379,policy_dataset,A manager monitors a complete official transaction log after business hours.,after business hours,,LLM_MOCK,LLM_MOCK,after business hours,,Auto-generated using pseudo-LLM logic,claude-3-5-sonnet-20241022,llm_annotated
P0380,policy_dataset,A manager processes a high-priority sprint task during night shift in the ICU.,during night shift,ICU,LLM_MOCK,LLM_MOCK,during night shift,ICU,Auto-generated using pseudo-LLM logic,claude-3-5-sonnet-20241022,llm_annotated
